JobRole,AttritionRate,AttritionRatePercent
Healthcare Representative,0.06870229007633588,6.87
Human Resources,0.23076923076923078,23.08
Laboratory Technician,0.23938223938223938,23.94
Manager,0.049019607843137254,4.9
Manufacturing Director,0.06896551724137931,6.9
Research Director,0.025,2.5
Research Scientist,0.16095890410958905,16.1
Sales Executive,0.17484662576687116,17.48
Sales Representative,0.39759036144578314,39.76
